﻿<?xml version="1.0" encoding="utf-8"?><meta xmlns:xsi="http://www.w3.org/2001/XMLSchema-instance" xmlns:xsd="http://www.w3.org/2001/XMLSchema"><project id="664QOOruik7" courseid="6BnGzRfHySO_course_id" thumburl="story_content/thumbnail.jpg" title="Accessible E-learning - Introduction" datepublished="2021-07-29T02:20:32" version="1.0.0.0" flashdata="story_content/data.swf" html5data="mobile/data.json" mobiledata="mobile/data.gz" enabledownload="false" duration="About 8 minutes" totalaudio="502254" totalvideo="168768"><description>Introductory module for the course Accessible E-learning for the County of Monterey</description><keywords /><slidemeta moniker="slide" monikerplural="slides" viewslides="29" slidecountdescription="29 slides" /><author name="Casey" email="" website="" /><application name="Articulate Storyline" version="3.52.25247.0" xmlversion="4.0" /></project></meta>